mushaf_page,surah,page_in_surah,khatma_file,pages_file
1,1,1,khatma/1.mp3,pages/1 Page 1.mp3
2,2,1,khatma/2.mp3,pages/2 Page 1.mp3
3,2,2,khatma/3.mp3,pages/2 Page 2.mp3
4,2,3,khatma/4.mp3,pages/2 Page 3.mp3
5,2,4,khatma/5.mp3,pages/2 Page 4.mp3
6,2,5,khatma/6.mp3,pages/2 Page 5.mp3
7,2,6,khatma/7.mp3,pages/2 Page 6.mp3
8,2,7,khatma/8.mp3,pages/2 Page 7.mp3
9,2,8,khatma/9.mp3,pages/2 Page 8.mp3
10,2,9,khatma/10.mp3,pages/2 Page 9.mp3
11,2,10,khatma/11.mp3,pages/2 Page 10.mp3
12,2,11,khatma/12.mp3,pages/2 Page 11.mp3
13,2,12,khatma/13.mp3,pages/2 Page 12.mp3
14,2,13,khatma/14.mp3,pages/2 Page 13.mp3
15,2,14,khatma/15.mp3,pages/2 Page 14.mp3
16,2,15,khatma/16.mp3,pages/2 Page 15.mp3
17,2,16,khatma/17.mp3,pages/2 Page 16.mp3
18,2,17,khatma/18.mp3,pages/2 Page 17.mp3
19,2,18,khatma/19.mp3,pages/2 Page 18.mp3
20,2,19,khatma/20.mp3,pages/2 Page 19.mp3
21,2,20,khatma/21.mp3,pages/2 Page 20.mp3
22,2,21,khatma/22.mp3,pages/2 Page 21.mp3
23,2,22,khatma/23.mp3,pages/2 Page 22.mp3
24,2,23,khatma/24.mp3,pages/2 Page 23.mp3
25,2,24,khatma/25.mp3,pages/2 Page 24.mp3
26,2,25,khatma/26.mp3,pages/2 Page 25.mp3
27,2,26,khatma/27.mp3,pages/2 Page 26.mp3
28,2,27,khatma/28.mp3,pages/2 Page 27.mp3
29,2,28,khatma/29.mp3,pages/2 Page 28.mp3
30,2,29,khatma/30.mp3,pages/2 Page 29.mp3
31,2,30,khatma/31.mp3,pages/2 Page 30.mp3
32,2,31,khatma/32.mp3,pages/2 Page 31.mp3
33,2,32,khatma/33.mp3,pages/2 Page 32.mp3
34,2,33,khatma/34.mp3,pages/2 Page 33.mp3
35,2,34,khatma/35.mp3,pages/2 Page 34.mp3
36,2,35,khatma/36.mp3,pages/2 Page 35.mp3
37,2,36,khatma/37.mp3,pages/2 Page 36.mp3
38,2,37,khatma/38.mp3,pages/2 Page 37.mp3
39,2,38,khatma/39.mp3,pages/2 Page 38.mp3
40,2,39,khatma/40.mp3,pages/2 Page 39.mp3
41,2,40,khatma/41.mp3,pages/2 Page 40.mp3
42,2,41,khatma/42.mp3,pages/2 Page 41.mp3
43,2,42,khatma/43.mp3,pages/2 Page 42.mp3
44,2,43,khatma/44.mp3,pages/2 Page 43.mp3
45,2,44,khatma/45.mp3,pages/2 Page 44.mp3
46,2,45,khatma/46.mp3,pages/2 Page 45.mp3
47,2,46,khatma/47.mp3,pages/2 Page 46.mp3
48,2,47,khatma/48.mp3,pages/2 Page 47.mp3
49,2,48,khatma/49.mp3,pages/2 Page 48.mp3
50,3,1,khatma/50.mp3,pages/3 Page 1.mp3
51,3,2,khatma/51.mp3,pages/3 Page 2.mp3
52,3,3,khatma/52.mp3,pages/3 Page 3.mp3
53,3,4,khatma/53.mp3,pages/3 Page 4.mp3
54,3,5,khatma/54.mp3,pages/3 Page 5.mp3
55,3,6,khatma/55.mp3,pages/3 Page 6.mp3
56,3,7,khatma/56.mp3,pages/3 Page 7.mp3
57,3,8,khatma/57.mp3,pages/3 Page 8.mp3
58,3,9,khatma/58.mp3,pages/3 Page 9.mp3
59,3,10,khatma/59.mp3,pages/3 Page 10.mp3
60,3,11,khatma/60.mp3,pages/3 Page 11.mp3
61,3,12,khatma/61.mp3,pages/3 Page 12.mp3
62,3,13,khatma/62.mp3,pages/3 Page 13.mp3
63,3,14,khatma/63.mp3,pages/3 Page 14.mp3
64,3,15,khatma/64.mp3,pages/3 Page 15.mp3
65,3,16,khatma/65.mp3,pages/3 Page 16.mp3
66,3,17,khatma/66.mp3,pages/3 Page 17.mp3
67,3,18,khatma/67.mp3,pages/3 Page 18.mp3
68,3,19,khatma/68.mp3,pages/3 Page 19.mp3
69,3,20,khatma/69.mp3,pages/3 Page 20.mp3
70,3,21,khatma/70.mp3,pages/3 Page 21.mp3
71,3,22,khatma/71.mp3,pages/3 Page 22.mp3
72,3,23,khatma/72.mp3,pages/3 Page 23.mp3
73,3,24,khatma/73.mp3,pages/3 Page 24.mp3
74,3,25,khatma/74.mp3,pages/3 Page 25.mp3
75,3,26,khatma/75.mp3,pages/3 Page 26.mp3
76,3,27,khatma/76.mp3,pages/3 Page 27.mp3
77,4,1,khatma/77.mp3,pages/4 Page 1.mp3
78,4,2,khatma/78.mp3,pages/4 Page 2.mp3
79,4,3,khatma/79.mp3,pages/4 Page 3.mp3
80,4,4,khatma/80.mp3,pages/4 Page 4.mp3
81,4,5,khatma/81.mp3,pages/4 Page 5.mp3
82,4,6,khatma/82.mp3,pages/4 Page 6.mp3
83,4,7,khatma/83.mp3,pages/4 Page 7.mp3
84,4,8,khatma/84.mp3,pages/4 Page 8.mp3
85,4,9,khatma/85.mp3,pages/4 Page 9.mp3
86,4,10,khatma/86.mp3,pages/4 Page 10.mp3
87,4,11,khatma/87.mp3,pages/4 Page 11.mp3
88,4,12,khatma/88.mp3,pages/4 Page 12.mp3
89,4,13,khatma/89.mp3,pages/4 Page 13.mp3
90,4,14,khatma/90.mp3,pages/4 Page 14.mp3
91,4,15,khatma/91.mp3,pages/4 Page 15.mp3
92,4,16,khatma/92.mp3,pages/4 Page 16.mp3
93,4,17,khatma/93.mp3,pages/4 Page 17.mp3
94,4,18,khatma/94.mp3,pages/4 Page 18.mp3
95,4,19,khatma/95.mp3,pages/4 Page 19.mp3
96,4,20,khatma/96.mp3,pages/4 Page 20.mp3
97,4,21,khatma/97.mp3,pages/4 Page 21.mp3
98,4,22,khatma/98.mp3,pages/4 Page 22.mp3
99,4,23,khatma/99.mp3,pages/4 Page 23.mp3
100,4,24,khatma/100.mp3,pages/4 Page 24.mp3
101,4,25,khatma/101.mp3,pages/4 Page 25.mp3
102,4,26,khatma/102.mp3,pages/4 Page 26.mp3
103,4,27,khatma/103.mp3,pages/4 Page 27.mp3
104,4,28,khatma/104.mp3,pages/4 Page 28.mp3
105,4,29,khatma/105.mp3,pages/4 Page 29.mp3
106,4,30,khatma/106.mp3,pages/4 Page 30.mp3
106,5,1,khatma/106.mp3,pages/5 Page 1.mp3
107,5,2,khatma/107.mp3,pages/5 Page 2.mp3
108,5,3,khatma/108.mp3,pages/5 Page 3.mp3
109,5,4,khatma/109.mp3,pages/5 Page 4.mp3
110,5,5,khatma/110.mp3,pages/5 Page 5.mp3
111,5,6,khatma/111.mp3,pages/5 Page 6.mp3
112,5,7,khatma/112.mp3,pages/5 Page 7.mp3
113,5,8,khatma/113.mp3,pages/5 Page 8.mp3
114,5,9,khatma/114.mp3,pages/5 Page 9.mp3
115,5,10,khatma/115.mp3,pages/5 Page 10.mp3
116,5,11,khatma/116.mp3,pages/5 Page 11.mp3
117,5,12,khatma/117.mp3,pages/5 Page 12.mp3
118,5,13,khatma/118.mp3,pages/5 Page 13.mp3
119,5,14,khatma/119.mp3,pages/5 Page 14.mp3
120,5,15,khatma/120.mp3,pages/5 Page 15.mp3
121,5,16,khatma/121.mp3,pages/5 Page 16.mp3
122,5,17,khatma/122.mp3,pages/5 Page 17.mp3
123,5,18,khatma/123.mp3,pages/5 Page 18.mp3
124,5,19,khatma/124.mp3,pages/5 Page 19.mp3
125,5,20,khatma/125.mp3,pages/5 Page 20.mp3
126,5,21,khatma/126.mp3,pages/5 Page 21.mp3
127,5,22,khatma/127.mp3,pages/5 Page 22.mp3
128,6,1,khatma/128.mp3,pages/6 Page 1.mp3
129,6,2,khatma/129.mp3,pages/6 Page 2.mp3
130,6,3,khatma/130.mp3,pages/6 Page 3.mp3
131,6,4,khatma/131.mp3,pages/6 Page 4.mp3
132,6,5,khatma/132.mp3,pages/6 Page 5.mp3
133,6,6,khatma/133.mp3,pages/6 Page 6.mp3
134,6,7,khatma/134.mp3,pages/6 Page 7.mp3
135,6,8,khatma/135.mp3,pages/6 Page 8.mp3
136,6,9,khatma/136.mp3,pages/6 Page 9.mp3
137,6,10,khatma/137.mp3,pages/6 Page 10.mp3
138,6,11,khatma/138.mp3,pages/6 Page 11.mp3
139,6,12,khatma/139.mp3,pages/6 Page 12.mp3
140,6,13,khatma/140.mp3,pages/6 Page 13.mp3
141,6,14,khatma/141.mp3,pages/6 Page 14.mp3
142,6,15,khatma/142.mp3,pages/6 Page 15.mp3
143,6,16,khatma/143.mp3,pages/6 Page 16.mp3
144,6,17,khatma/144.mp3,pages/6 Page 17.mp3
145,6,18,khatma/145.mp3,pages/6 Page 18.mp3
146,6,19,khatma/146.mp3,pages/6 Page 19.mp3
147,6,20,khatma/147.mp3,pages/6 Page 20.mp3
148,6,21,khatma/148.mp3,pages/6 Page 21.mp3
149,6,22,khatma/149.mp3,pages/6 Page 22.mp3
150,6,23,khatma/150.mp3,pages/6 Page 23.mp3
151,7,1,khatma/151.mp3,pages/7 Page 1.mp3
152,7,2,khatma/152.mp3,pages/7 Page 2.mp3
153,7,3,khatma/153.mp3,pages/7 Page 3.mp3
154,7,4,khatma/154.mp3,pages/7 Page 4.mp3
155,7,5,khatma/155.mp3,pages/7 Page 5.mp3
156,7,6,khatma/156.mp3,pages/7 Page 6.mp3
157,7,7,khatma/157.mp3,pages/7 Page 7.mp3
158,7,8,khatma/158.mp3,pages/7 Page 8.mp3
159,7,9,khatma/159.mp3,pages/7 Page 9.mp3
160,7,10,khatma/160.mp3,pages/7 Page 10.mp3
161,7,11,khatma/161.mp3,pages/7 Page 11.mp3
162,7,12,khatma/162.mp3,pages/7 Page 12.mp3
163,7,13,khatma/163.mp3,pages/7 Page 13.mp3
164,7,14,khatma/164.mp3,pages/7 Page 14.mp3
165,7,15,khatma/165.mp3,pages/7 Page 15.mp3
166,7,16,khatma/166.mp3,pages/7 Page 16.mp3
167,7,17,khatma/167.mp3,pages/7 Page 17.mp3
168,7,18,khatma/168.mp3,pages/7 Page 18.mp3
169,7,19,khatma/169.mp3,pages/7 Page 19.mp3
170,7,20,khatma/170.mp3,pages/7 Page 20.mp3
171,7,21,khatma/171.mp3,pages/7 Page 21.mp3
172,7,22,khatma/172.mp3,pages/7 Page 22.mp3
173,7,23,khatma/173.mp3,pages/7 Page 23.mp3
174,7,24,khatma/174.mp3,pages/7 Page 24.mp3
175,7,25,khatma/175.mp3,pages/7 Page 25.mp3
176,7,26,khatma/176.mp3,pages/7 Page 26.mp3
177,8,1,khatma/177.mp3,pages/8 Page 1.mp3
178,8,2,khatma/178.mp3,pages/8 Page 2.mp3
179,8,3,khatma/179.mp3,pages/8 Page 3.mp3
180,8,4,khatma/180.mp3,pages/8 Page 4.mp3
181,8,5,khatma/181.mp3,pages/8 Page 5.mp3
182,8,6,khatma/182.mp3,pages/8 Page 6.mp3
183,8,7,khatma/183.mp3,pages/8 Page 7.mp3
184,8,8,khatma/184.mp3,pages/8 Page 8.mp3
185,8,9,khatma/185.mp3,pages/8 Page 9.mp3
186,8,10,khatma/186.mp3,pages/8 Page 10.mp3
187,9,1,khatma/187.mp3,pages/9 Page 1.mp3
188,9,2,khatma/188.mp3,pages/9 Page 2.mp3
189,9,3,khatma/189.mp3,pages/9 Page 3.mp3
190,9,4,khatma/190.mp3,pages/9 Page 4.mp3
191,9,5,khatma/191.mp3,pages/9 Page 5.mp3
192,9,6,khatma/192.mp3,pages/9 Page 6.mp3
193,9,7,khatma/193.mp3,pages/9 Page 7.mp3
194,9,8,khatma/194.mp3,pages/9 Page 8.mp3
195,9,9,khatma/195.mp3,pages/9 Page 9.mp3
196,9,10,khatma/196.mp3,pages/9 Page 10.mp3
197,9,11,khatma/197.mp3,pages/9 Page 11.mp3
198,9,12,khatma/198.mp3,pages/9 Page 12.mp3
199,9,13,khatma/199.mp3,pages/9 Page 13.mp3
200,9,14,khatma/200.mp3,pages/9 Page 14.mp3
201,9,15,khatma/201.mp3,pages/9 Page 15.mp3
202,9,16,khatma/202.mp3,pages/9 Page 16.mp3
203,9,17,khatma/203.mp3,pages/9 Page 17.mp3
204,9,18,khatma/204.mp3,pages/9 Page 18.mp3
205,9,19,khatma/205.mp3,pages/9 Page 19.mp3
206,9,20,khatma/206.mp3,pages/9 Page 20.mp3
207,9,21,khatma/207.mp3,pages/9 Page 21.mp3
208,10,1,khatma/208.mp3,pages/10 Page 1.mp3
209,10,2,khatma/209.mp3,pages/10 Page 2.mp3
210,10,3,khatma/210.mp3,pages/10 Page 3.mp3
211,10,4,khatma/211.mp3,pages/10 Page 4.mp3
212,10,5,khatma/212.mp3,pages/10 Page 5.mp3
213,10,6,khatma/213.mp3,pages/10 Page 6.mp3
214,10,7,khatma/214.mp3,pages/10 Page 7.mp3
215,10,8,khatma/215.mp3,pages/10 Page 8.mp3
216,10,9,khatma/216.mp3,pages/10 Page 9.mp3
217,10,10,khatma/217.mp3,pages/10 Page 10.mp3
218,10,11,khatma/218.mp3,pages/10 Page 11.mp3
219,10,12,khatma/219.mp3,pages/10 Page 12.mp3
220,10,13,khatma/220.mp3,pages/10 Page 13.mp3
221,10,14,khatma/221.mp3,pages/10 Page 14.mp3
221,11,1,khatma/221.mp3,pages/11 Page 1.mp3
222,11,2,khatma/222.mp3,pages/11 Page 2.mp3
223,11,3,khatma/223.mp3,pages/11 Page 3.mp3
224,11,4,khatma/224.mp3,pages/11 Page 4.mp3
225,11,5,khatma/225.mp3,pages/11 Page 5.mp3
226,11,6,khatma/226.mp3,pages/11 Page 6.mp3
227,11,7,khatma/227.mp3,pages/11 Page 7.mp3
228,11,8,khatma/228.mp3,pages/11 Page 8.mp3
229,11,9,khatma/229.mp3,pages/11 Page 9.mp3
230,11,10,khatma/230.mp3,pages/11 Page 10.mp3
231,11,11,khatma/231.mp3,pages/11 Page 11.mp3
232,11,12,khatma/232.mp3,pages/11 Page 12.mp3
233,11,13,khatma/233.mp3,pages/11 Page 13.mp3
234,11,14,khatma/234.mp3,pages/11 Page 14.mp3
235,11,15,khatma/235.mp3,pages/11 Page 15.mp3
235,12,1,khatma/235.mp3,pages/12 Page 1.mp3
236,12,2,khatma/236.mp3,pages/12 Page 2.mp3
237,12,3,khatma/237.mp3,pages/12 Page 3.mp3
238,12,4,khatma/238.mp3,pages/12 Page 4.mp3
239,12,5,khatma/239.mp3,pages/12 Page 5.mp3
240,12,6,khatma/240.mp3,pages/12 Page 6.mp3
241,12,7,khatma/241.mp3,pages/12 Page 7.mp3
242,12,8,khatma/242.mp3,pages/12 Page 8.mp3
243,12,9,khatma/243.mp3,pages/12 Page 9.mp3
244,12,10,khatma/244.mp3,pages/12 Page 10.mp3
245,12,11,khatma/245.mp3,pages/12 Page 11.mp3
246,12,12,khatma/246.mp3,pages/12 Page 12.mp3
247,12,13,khatma/247.mp3,pages/12 Page 13.mp3
248,12,14,khatma/248.mp3,pages/12 Page 14.mp3
249,13,1,khatma/249.mp3,pages/13 Page 1.mp3
250,13,2,khatma/250.mp3,pages/13 Page 2.mp3
251,13,3,khatma/251.mp3,pages/13 Page 3.mp3
252,13,4,khatma/252.mp3,pages/13 Page 4.mp3
253,13,5,khatma/253.mp3,pages/13 Page 5.mp3
254,13,6,khatma/254.mp3,pages/13 Page 6.mp3
255,13,7,khatma/255.mp3,pages/13 Page 7.mp3
255,14,1,khatma/255.mp3,pages/14 Page 1.mp3
256,14,2,khatma/256.mp3,pages/14 Page 2.mp3
257,14,3,khatma/257.mp3,pages/14 Page 3.mp3
258,14,4,khatma/258.mp3,pages/14 Page 4.mp3
259,14,5,khatma/259.mp3,pages/14 Page 5.mp3
260,14,6,khatma/260.mp3,pages/14 Page 6.mp3
261,14,7,khatma/261.mp3,pages/14 Page 7.mp3
262,15,1,khatma/262.mp3,pages/15 Page 1.mp3
263,15,2,khatma/263.mp3,pages/15 Page 2.mp3
264,15,3,khatma/264.mp3,pages/15 Page 3.mp3
265,15,4,khatma/265.mp3,pages/15 Page 4.mp3
266,15,5,khatma/266.mp3,pages/15 Page 5.mp3
267,15,6,khatma/267.mp3,pages/15 Page 6.mp3
267,16,1,khatma/267.mp3,pages/16 Page 1.mp3
268,16,2,khatma/268.mp3,pages/16 Page 2.mp3
269,16,3,khatma/269.mp3,pages/16 Page 3.mp3
270,16,4,khatma/270.mp3,pages/16 Page 4.mp3
271,16,5,khatma/271.mp3,pages/16 Page 5.mp3
272,16,6,khatma/272.mp3,pages/16 Page 6.mp3
273,16,7,khatma/273.mp3,pages/16 Page 7.mp3
274,16,8,khatma/274.mp3,pages/16 Page 8.mp3
275,16,9,khatma/275.mp3,pages/16 Page 9.mp3
276,16,10,khatma/276.mp3,pages/16 Page 10.mp3
277,16,11,khatma/277.mp3,pages/16 Page 11.mp3
278,16,12,khatma/278.mp3,pages/16 Page 12.mp3
279,16,13,khatma/279.mp3,pages/16 Page 13.mp3
280,16,14,khatma/280.mp3,pages/16 Page 14.mp3
281,16,15,khatma/281.mp3,pages/16 Page 15.mp3
282,17,1,khatma/282.mp3,pages/17 Page 1.mp3
283,17,2,khatma/283.mp3,pages/17 Page 2.mp3
284,17,3,khatma/284.mp3,pages/17 Page 3.mp3
285,17,4,khatma/285.mp3,pages/17 Page 4.mp3
286,17,5,khatma/286.mp3,pages/17 Page 5.mp3
287,17,6,khatma/287.mp3,pages/17 Page 6.mp3
288,17,7,khatma/288.mp3,pages/17 Page 7.mp3
289,17,8,khatma/289.mp3,pages/17 Page 8.mp3
290,17,9,khatma/290.mp3,pages/17 Page 9.mp3
291,17,10,khatma/291.mp3,pages/17 Page 10.mp3
292,17,11,khatma/292.mp3,pages/17 Page 11.mp3
293,17,12,khatma/293.mp3,pages/17 Page 12.mp3
293,18,1,khatma/293.mp3,pages/18 Page 1.mp3
294,18,2,khatma/294.mp3,pages/18 Page 2.mp3
295,18,3,khatma/295.mp3,pages/18 Page 3.mp3
296,18,4,khatma/296.mp3,pages/18 Page 4.mp3
297,18,5,khatma/297.mp3,pages/18 Page 5.mp3
298,18,6,khatma/298.mp3,pages/18 Page 6.mp3
299,18,7,khatma/299.mp3,pages/18 Page 7.mp3
300,18,8,khatma/300.mp3,pages/18 Page 8.mp3
301,18,9,khatma/301.mp3,pages/18 Page 9.mp3
302,18,10,khatma/302.mp3,pages/18 Page 10.mp3
303,18,11,khatma/303.mp3,pages/18 Page 11.mp3
304,18,12,khatma/304.mp3,pages/18 Page 12.mp3
305,19,1,khatma/305.mp3,pages/19 Page 1.mp3
306,19,2,khatma/306.mp3,pages/19 Page 2.mp3
307,19,3,khatma/307.mp3,pages/19 Page 3.mp3
308,19,4,khatma/308.mp3,pages/19 Page 4.mp3
309,19,5,khatma/309.mp3,pages/19 Page 5.mp3
310,19,6,khatma/310.mp3,pages/19 Page 6.mp3
311,19,7,khatma/311.mp3,pages/19 Page 7.mp3
312,19,8,khatma/312.mp3,pages/19 Page 8.mp3
312,20,1,khatma/312.mp3,pages/20 Page 1.mp3
313,20,2,khatma/313.mp3,pages/20 Page 2.mp3
314,20,3,khatma/314.mp3,pages/20 Page 3.mp3
315,20,4,khatma/315.mp3,pages/20 Page 4.mp3
316,20,5,khatma/316.mp3,pages/20 Page 5.mp3
317,20,6,khatma/317.mp3,pages/20 Page 6.mp3
318,20,7,khatma/318.mp3,pages/20 Page 7.mp3
319,20,8,khatma/319.mp3,pages/20 Page 8.mp3
320,20,9,khatma/320.mp3,pages/20 Page 9.mp3
321,20,10,khatma/321.mp3,pages/20 Page 10.mp3
322,21,1,khatma/322.mp3,pages/21 Page 1.mp3
323,21,2,khatma/323.mp3,pages/21 Page 2.mp3
324,21,3,khatma/324.mp3,pages/21 Page 3.mp3
325,21,4,khatma/325.mp3,pages/21 Page 4.mp3
326,21,5,khatma/326.mp3,pages/21 Page 5.mp3
327,21,6,khatma/327.mp3,pages/21 Page 6.mp3
328,21,7,khatma/328.mp3,pages/21 Page 7.mp3
329,21,8,khatma/329.mp3,pages/21 Page 8.mp3
330,21,9,khatma/330.mp3,pages/21 Page 9.mp3
331,21,10,khatma/331.mp3,pages/21 Page 10.mp3
332,22,1,khatma/332.mp3,pages/22 Page 1.mp3
333,22,2,khatma/333.mp3,pages/22 Page 2.mp3
334,22,3,khatma/334.mp3,pages/22 Page 3.mp3
335,22,4,khatma/335.mp3,pages/22 Page 4.mp3
336,22,5,khatma/336.mp3,pages/22 Page 5.mp3
337,22,6,khatma/337.mp3,pages/22 Page 6.mp3
338,22,7,khatma/338.mp3,pages/22 Page 7.mp3
339,22,8,khatma/339.mp3,pages/22 Page 8.mp3
340,22,9,khatma/340.mp3,pages/22 Page 9.mp3
341,22,10,khatma/341.mp3,pages/22 Page 10.mp3
342,23,1,khatma/342.mp3,pages/23 Page 1.mp3
343,23,2,khatma/343.mp3,pages/23 Page 2.mp3
344,23,3,khatma/344.mp3,pages/23 Page 3.mp3
345,23,4,khatma/345.mp3,pages/23 Page 4.mp3
346,23,5,khatma/346.mp3,pages/23 Page 5.mp3
347,23,6,khatma/347.mp3,pages/23 Page 6.mp3
348,23,7,khatma/348.mp3,pages/23 Page 7.mp3
349,23,8,khatma/349.mp3,pages/23 Page 8.mp3
350,24,1,khatma/350.mp3,pages/24 Page 1.mp3
351,24,2,khatma/351.mp3,pages/24 Page 2.mp3
352,24,3,khatma/352.mp3,pages/24 Page 3.mp3
353,24,4,khatma/353.mp3,pages/24 Page 4.mp3
354,24,5,khatma/354.mp3,pages/24 Page 5.mp3
355,24,6,khatma/355.mp3,pages/24 Page 6.mp3
356,24,7,khatma/356.mp3,pages/24 Page 7.mp3
357,24,8,khatma/357.mp3,pages/24 Page 8.mp3
358,24,9,khatma/358.mp3,pages/24 Page 9.mp3
359,24,10,khatma/359.mp3,pages/24 Page 10.mp3
359,25,1,khatma/359.mp3,pages/25 Page 1.mp3
360,25,2,khatma/360.mp3,pages/25 Page 2.mp3
361,25,3,khatma/361.mp3,pages/25 Page 3.mp3
362,25,4,khatma/362.mp3,pages/25 Page 4.mp3
363,25,5,khatma/363.mp3,pages/25 Page 5.mp3
364,25,6,khatma/364.mp3,pages/25 Page 6.mp3
365,25,7,khatma/365.mp3,pages/25 Page 7.mp3
366,25,8,khatma/366.mp3,pages/25 Page 8.mp3
367,26,1,khatma/367.mp3,pages/26 Page 1.mp3
368,26,2,khatma/368.mp3,pages/26 Page 2.mp3
369,26,3,khatma/369.mp3,pages/26 Page 3.mp3
370,26,4,khatma/370.mp3,pages/26 Page 4.mp3
371,26,5,khatma/371.mp3,pages/26 Page 5.mp3
372,26,6,khatma/372.mp3,pages/26 Page 6.mp3
373,26,7,khatma/373.mp3,pages/26 Page 7.mp3
374,26,8,khatma/374.mp3,pages/26 Page 8.mp3
375,26,9,khatma/375.mp3,pages/26 Page 9.mp3
376,26,10,khatma/376.mp3,pages/26 Page 10.mp3
377,27,1,khatma/377.mp3,pages/27 Page 1.mp3
378,27,2,khatma/378.mp3,pages/27 Page 2.mp3
379,27,3,khatma/379.mp3,pages/27 Page 3.mp3
380,27,4,khatma/380.mp3,pages/27 Page 4.mp3
381,27,5,khatma/381.mp3,pages/27 Page 5.mp3
382,27,6,khatma/382.mp3,pages/27 Page 6.mp3
383,27,7,khatma/383.mp3,pages/27 Page 7.mp3
384,27,8,khatma/384.mp3,pages/27 Page 8.mp3
385,27,9,khatma/385.mp3,pages/27 Page 9.mp3
385,28,1,khatma/385.mp3,pages/28 Page 1.mp3
386,28,2,khatma/386.mp3,pages/28 Page 2.mp3
387,28,3,khatma/387.mp3,pages/28 Page 3.mp3
388,28,4,khatma/388.mp3,pages/28 Page 4.mp3
389,28,5,khatma/389.mp3,pages/28 Page 5.mp3
390,28,6,khatma/390.mp3,pages/28 Page 6.mp3
391,28,7,khatma/391.mp3,pages/28 Page 7.mp3
392,28,8,khatma/392.mp3,pages/28 Page 8.mp3
393,28,9,khatma/393.mp3,pages/28 Page 9.mp3
394,28,10,khatma/394.mp3,pages/28 Page 10.mp3
395,28,11,khatma/395.mp3,pages/28 Page 11.mp3
396,28,12,khatma/396.mp3,pages/28 Page 12.mp3
396,29,1,khatma/396.mp3,pages/29 Page 1.mp3
397,29,2,khatma/397.mp3,pages/29 Page 2.mp3
398,29,3,khatma/398.mp3,pages/29 Page 3.mp3
399,29,4,khatma/399.mp3,pages/29 Page 4.mp3
400,29,5,khatma/400.mp3,pages/29 Page 5.mp3
401,29,6,khatma/401.mp3,pages/29 Page 6.mp3
402,29,7,khatma/402.mp3,pages/29 Page 7.mp3
403,29,8,khatma/403.mp3,pages/29 Page 8.mp3
404,29,9,khatma/404.mp3,pages/29 Page 9.mp3
404,30,1,khatma/404.mp3,pages/30 Page 1.mp3
405,30,2,khatma/405.mp3,pages/30 Page 2.mp3
406,30,3,khatma/406.mp3,pages/30 Page 3.mp3
407,30,4,khatma/407.mp3,pages/30 Page 4.mp3
408,30,5,khatma/408.mp3,pages/30 Page 5.mp3
409,30,6,khatma/409.mp3,pages/30 Page 6.mp3
410,30,7,khatma/410.mp3,pages/30 Page 7.mp3
411,31,1,khatma/411.mp3,pages/31 Page 1.mp3
412,31,2,khatma/412.mp3,pages/31 Page 2.mp3
413,31,3,khatma/413.mp3,pages/31 Page 3.mp3
414,31,4,khatma/414.mp3,pages/31 Page 4.mp3
415,32,1,khatma/415.mp3,pages/32 Page 1.mp3
416,32,2,khatma/416.mp3,pages/32 Page 2.mp3
417,32,3,khatma/417.mp3,pages/32 Page 3.mp3
418,33,1,khatma/418.mp3,pages/33 Page 1.mp3
419,33,2,khatma/419.mp3,pages/33 Page 2.mp3
420,33,3,khatma/420.mp3,pages/33 Page 3.mp3
421,33,4,khatma/421.mp3,pages/33 Page 4.mp3
422,33,5,khatma/422.mp3,pages/33 Page 5.mp3
423,33,6,khatma/423.mp3,pages/33 Page 6.mp3
424,33,7,khatma/424.mp3,pages/33 Page 7.mp3
425,33,8,khatma/425.mp3,pages/33 Page 8.mp3
426,33,9,khatma/426.mp3,pages/33 Page 9.mp3
427,33,10,khatma/427.mp3,pages/33 Page 10.mp3
428,34,1,khatma/428.mp3,pages/34 Page 1.mp3
429,34,2,khatma/429.mp3,pages/34 Page 2.mp3
430,34,3,khatma/430.mp3,pages/34 Page 3.mp3
431,34,4,khatma/431.mp3,pages/34 Page 4.mp3
432,34,5,khatma/432.mp3,pages/34 Page 5.mp3
433,34,6,khatma/433.mp3,pages/34 Page 6.mp3
434,34,7,khatma/434.mp3,pages/34 Page 7.mp3
434,35,1,khatma/434.mp3,pages/35 Page 1.mp3
435,35,2,khatma/435.mp3,pages/35 Page 2.mp3
436,35,3,khatma/436.mp3,pages/35 Page 3.mp3
437,35,4,khatma/437.mp3,pages/35 Page 4.mp3
438,35,5,khatma/438.mp3,pages/35 Page 5.mp3
439,35,6,khatma/439.mp3,pages/35 Page 6.mp3
440,35,7,khatma/440.mp3,pages/35 Page 7.mp3
440,36,1,khatma/440.mp3,pages/36 Page 1.mp3
441,36,2,khatma/441.mp3,pages/36 Page 2.mp3
442,36,3,khatma/442.mp3,pages/36 Page 3.mp3
443,36,4,khatma/443.mp3,pages/36 Page 4.mp3
444,36,5,khatma/444.mp3,pages/36 Page 5.mp3
445,36,6,khatma/445.mp3,pages/36 Page 6.mp3
446,37,1,khatma/446.mp3,pages/37 Page 1.mp3
447,37,2,khatma/447.mp3,pages/37 Page 2.mp3
448,37,3,khatma/448.mp3,pages/37 Page 3.mp3
449,37,4,khatma/449.mp3,pages/37 Page 4.mp3
450,37,5,khatma/450.mp3,pages/37 Page 5.mp3
451,37,6,khatma/451.mp3,pages/37 Page 6.mp3
452,37,7,khatma/452.mp3,pages/37 Page 7.mp3
453,38,1,khatma/453.mp3,pages/38 Page 1.mp3
454,38,2,khatma/454.mp3,pages/38 Page 2.mp3
455,38,3,khatma/455.mp3,pages/38 Page 3.mp3
456,38,4,khatma/456.mp3,pages/38 Page 4.mp3
457,38,5,khatma/457.mp3,pages/38 Page 5.mp3
458,38,6,khatma/458.mp3,pages/38 Page 6.mp3
458,39,1,khatma/458.mp3,pages/39 Page 1.mp3
459,39,2,khatma/459.mp3,pages/39 Page 2.mp3
460,39,3,khatma/460.mp3,pages/39 Page 3.mp3
461,39,4,khatma/461.mp3,pages/39 Page 4.mp3
462,39,5,khatma/462.mp3,pages/39 Page 5.mp3
463,39,6,khatma/463.mp3,pages/39 Page 6.mp3
464,39,7,khatma/464.mp3,pages/39 Page 7.mp3
465,39,8,khatma/465.mp3,pages/39 Page 8.mp3
466,39,9,khatma/466.mp3,pages/39 Page 9.mp3
467,39,10,khatma/467.mp3,pages/39 Page 10.mp3
467,40,1,khatma/467.mp3,pages/40 Page 1.mp3
468,40,2,khatma/468.mp3,pages/40 Page 2.mp3
469,40,3,khatma/469.mp3,pages/40 Page 3.mp3
470,40,4,khatma/470.mp3,pages/40 Page 4.mp3
471,40,5,khatma/471.mp3,pages/40 Page 5.mp3
472,40,6,khatma/472.mp3,pages/40 Page 6.mp3
473,40,7,khatma/473.mp3,pages/40 Page 7.mp3
474,40,8,khatma/474.mp3,pages/40 Page 8.mp3
475,40,9,khatma/475.mp3,pages/40 Page 9.mp3
476,40,10,khatma/476.mp3,pages/40 Page 10.mp3
477,41,1,khatma/477.mp3,pages/41 Page 1.mp3
478,41,2,khatma/478.mp3,pages/41 Page 2.mp3
479,41,3,khatma/479.mp3,pages/41 Page 3.mp3
480,41,4,khatma/480.mp3,pages/41 Page 4.mp3
481,41,5,khatma/481.mp3,pages/41 Page 5.mp3
482,41,6,khatma/482.mp3,pages/41 Page 6.mp3
483,42,1,khatma/483.mp3,pages/42 Page 1.mp3
484,42,2,khatma/484.mp3,pages/42 Page 2.mp3
485,42,3,khatma/485.mp3,pages/42 Page 3.mp3
486,42,4,khatma/486.mp3,pages/42 Page 4.mp3
487,42,5,khatma/487.mp3,pages/42 Page 5.mp3
488,42,6,khatma/488.mp3,pages/42 Page 6.mp3
489,42,7,khatma/489.mp3,pages/42 Page 7.mp3
489,43,1,khatma/489.mp3,pages/43 Page 1.mp3
490,43,2,khatma/490.mp3,pages/43 Page 2.mp3
491,43,3,khatma/491.mp3,pages/43 Page 3.mp3
492,43,4,khatma/492.mp3,pages/43 Page 4.mp3
493,43,5,khatma/493.mp3,pages/43 Page 5.mp3
494,43,6,khatma/494.mp3,pages/43 Page 6.mp3
495,43,7,khatma/495.mp3,pages/43 Page 7.mp3
496,44,1,khatma/496.mp3,pages/44 Page 1.mp3
497,44,2,khatma/497.mp3,pages/44 Page 2.mp3
498,44,3,khatma/498.mp3,pages/44 Page 3.mp3
499,45,1,khatma/499.mp3,pages/45 Page 1.mp3
500,45,2,khatma/500.mp3,pages/45 Page 2.mp3
501,45,3,khatma/501.mp3,pages/45 Page 3.mp3
502,45,4,khatma/502.mp3,pages/45 Page 4.mp3
502,46,1,khatma/502.mp3,pages/46 Page 1.mp3
503,46,2,khatma/503.mp3,pages/46 Page 2.mp3
504,46,3,khatma/504.mp3,pages/46 Page 3.mp3
505,46,4,khatma/505.mp3,pages/46 Page 4.mp3
506,46,5,khatma/506.mp3,pages/46 Page 5.mp3
507,47,1,khatma/507.mp3,pages/47 Page 1.mp3
508,47,2,khatma/508.mp3,pages/47 Page 2.mp3
509,47,3,khatma/509.mp3,pages/47 Page 3.mp3
510,47,4,khatma/510.mp3,pages/47 Page 4.mp3
511,48,1,khatma/511.mp3,pages/48 Page 1.mp3
512,48,2,khatma/512.mp3,pages/48 Page 2.mp3
513,48,3,khatma/513.mp3,pages/48 Page 3.mp3
514,48,4,khatma/514.mp3,pages/48 Page 4.mp3
515,48,5,khatma/515.mp3,pages/48 Page 5.mp3
515,49,1,khatma/515.mp3,pages/49 Page 1.mp3
516,49,2,khatma/516.mp3,pages/49 Page 2.mp3
517,49,3,khatma/517.mp3,pages/49 Page 3.mp3
518,50,1,khatma/518.mp3,pages/50 Page 1.mp3
519,50,2,khatma/519.mp3,pages/50 Page 2.mp3
520,50,3,khatma/520.mp3,pages/50 Page 3.mp3
520,51,1,khatma/520.mp3,pages/51 Page 1.mp3
521,51,2,khatma/521.mp3,pages/51 Page 2.mp3
522,51,3,khatma/522.mp3,pages/51 Page 3.mp3
523,51,4,khatma/523.mp3,pages/51 Page 4.mp3
523,52,1,khatma/523.mp3,pages/52 Page 1.mp3
524,52,2,khatma/524.mp3,pages/52 Page 2.mp3
525,52,3,khatma/525.mp3,pages/52 Page 3.mp3
526,53,1,khatma/526.mp3,pages/53 Page 1.mp3
527,53,2,khatma/527.mp3,pages/53 Page 2.mp3
528,53,3,khatma/528.mp3,pages/53 Page 3.mp3
528,54,1,khatma/528.mp3,pages/54 Page 1.mp3
529,54,2,khatma/529.mp3,pages/54 Page 2.mp3
530,54,3,khatma/530.mp3,pages/54 Page 3.mp3
531,54,4,khatma/531.mp3,pages/54 Page 4.mp3
531,55,1,khatma/531.mp3,pages/55 Page 1.mp3
532,55,2,khatma/532.mp3,pages/55 Page 2.mp3
533,55,3,khatma/533.mp3,pages/55 Page 3.mp3
534,55,4,khatma/534.mp3,pages/55 Page 4.mp3
534,56,1,khatma/534.mp3,pages/56 Page 1.mp3
535,56,2,khatma/535.mp3,pages/56 Page 2.mp3
536,56,3,khatma/536.mp3,pages/56 Page 3.mp3
537,56,4,khatma/537.mp3,pages/56 Page 4.mp3
537,57,1,khatma/537.mp3,pages/57 Page 1.mp3
538,57,2,khatma/538.mp3,pages/57 Page 2.mp3
539,57,3,khatma/539.mp3,pages/57 Page 3.mp3
540,57,4,khatma/540.mp3,pages/57 Page 4.mp3
541,57,5,khatma/541.mp3,pages/57 Page 5.mp3
542,58,1,khatma/542.mp3,pages/58 Page 1.mp3
543,58,2,khatma/543.mp3,pages/58 Page 2.mp3
544,58,3,khatma/544.mp3,pages/58 Page 3.mp3
545,58,4,khatma/545.mp3,pages/58 Page 4.mp3
545,59,1,khatma/545.mp3,pages/59 Page 1.mp3
546,59,2,khatma/546.mp3,pages/59 Page 2.mp3
547,59,3,khatma/547.mp3,pages/59 Page 3.mp3
548,59,4,khatma/548.mp3,pages/59 Page 4.mp3
549,60,1,khatma/549.mp3,pages/60 Page 1.mp3
550,60,2,khatma/550.mp3,pages/60 Page 2.mp3
551,60,3,khatma/551.mp3,pages/60 Page 3.mp3
551,61,1,khatma/551.mp3,pages/61 Page 1.mp3
552,61,2,khatma/552.mp3,pages/61 Page 2.mp3
553,62,1,khatma/553.mp3,pages/62 Page 1.mp3
554,62,2,khatma/554.mp3,pages/62 Page 2.mp3
554,63,1,khatma/554.mp3,pages/63 Page 1.mp3
555,63,2,khatma/555.mp3,pages/63 Page 2.mp3
556,64,1,khatma/556.mp3,pages/64 Page 1.mp3
557,64,2,khatma/557.mp3,pages/64 Page 2.mp3
558,65,1,khatma/558.mp3,pages/65 Page 1.mp3
559,65,2,khatma/559.mp3,pages/65 Page 2.mp3
560,66,1,khatma/560.mp3,pages/66 Page 1.mp3
561,66,2,khatma/561.mp3,pages/66 Page 2.mp3
562,67,1,khatma/562.mp3,pages/67 Page 1.mp3
563,67,2,khatma/563.mp3,pages/67 Page 2.mp3
564,67,3,khatma/564.mp3,pages/67 Page 3.mp3
564,68,1,khatma/564.mp3,pages/68 Page 1.mp3
565,68,2,khatma/565.mp3,pages/68 Page 2.mp3
566,68,3,khatma/566.mp3,pages/68 Page 3.mp3
566,69,1,khatma/566.mp3,pages/69 Page 1.mp3
567,69,2,khatma/567.mp3,pages/69 Page 2.mp3
568,69,3,khatma/568.mp3,pages/69 Page 3.mp3
568,70,1,khatma/568.mp3,pages/70 Page 1.mp3
569,70,2,khatma/569.mp3,pages/70 Page 2.mp3
570,70,3,khatma/570.mp3,pages/70 Page 3.mp3
570,71,1,khatma/570.mp3,pages/71 Page 1.mp3
571,71,2,khatma/571.mp3,pages/71 Page 2.mp3
572,72,1,khatma/572.mp3,pages/72 Page 1.mp3
573,72,2,khatma/573.mp3,pages/72 Page 2.mp3
574,73,1,khatma/574.mp3,pages/73 Page 1.mp3
575,73,2,khatma/575.mp3,pages/73 Page 2.mp3
575,74,1,khatma/575.mp3,pages/74 Page 1.mp3
576,74,2,khatma/576.mp3,pages/74 Page 2.mp3
577,74,3,khatma/577.mp3,pages/74 Page 3.mp3
577,75,1,khatma/577.mp3,pages/75 Page 1.mp3
578,75,2,khatma/578.mp3,pages/75 Page 2.mp3
578,76,1,khatma/578.mp3,pages/76 Page 1.mp3
579,76,2,khatma/579.mp3,pages/76 Page 2.mp3
580,76,3,khatma/580.mp3,pages/76 Page 3.mp3
580,77,1,khatma/580.mp3,pages/77 Page 1.mp3
581,77,2,khatma/581.mp3,pages/77 Page 2.mp3
582,78,1,khatma/582.mp3,pages/78 Page 1.mp3
583,78,2,khatma/583.mp3,pages/78 Page 2.mp3
583,79,1,khatma/583.mp3,pages/79 Page 1.mp3
584,79,2,khatma/584.mp3,pages/79 Page 2.mp3
585,80,1,khatma/585.mp3,pages/80 Page 1.mp3
586,80,2,khatma/586.mp3,pages/80 Page 2.mp3
586,81,1,khatma/586.mp3,pages/81 Page 1.mp3
587,82,1,khatma/587.mp3,pages/82 Page 1.mp3
587,83,1,khatma/587.mp3,pages/83 Page 1.mp3
588,83,2,khatma/588.mp3,pages/83 Page 2.mp3
589,83,3,khatma/589.mp3,pages/83 Page 3.mp3
589,84,1,khatma/589.mp3,pages/84 Page 1.mp3
590,84,2,khatma/590.mp3,pages/84 Page 2.mp3
590,85,1,khatma/590.mp3,pages/85 Page 1.mp3
591,86,1,khatma/591.mp3,pages/86 Page 1.mp3
591,87,1,khatma/591.mp3,pages/87 Page 1.mp3
592,87,2,khatma/592.mp3,pages/87 Page 2.mp3
592,88,1,khatma/592.mp3,pages/88 Page 1.mp3
593,88,2,khatma/593.mp3,pages/88 Page 2.mp3
593,89,1,khatma/593.mp3,pages/89 Page 1.mp3
594,89,2,khatma/594.mp3,pages/89 Page 2.mp3
594,90,1,khatma/594.mp3,pages/90 Page 1.mp3
595,90,2,khatma/595.mp3,pages/90 Page 2.mp3
595,91,1,khatma/595.mp3,pages/91 Page 1.mp3
595,92,1,khatma/595.mp3,pages/92 Page 1.mp3
596,92,2,khatma/596.mp3,pages/92 Page 2.mp3
596,93,1,khatma/596.mp3,pages/93 Page 1.mp3
596,94,1,khatma/596.mp3,pages/94 Page 1.mp3
597,94,2,khatma/597.mp3,pages/94 Page 2.mp3
597,95,1,khatma/597.mp3,pages/95 Page 1.mp3
597,96,1,khatma/597.mp3,pages/96 Page 1.mp3
598,96,2,khatma/598.mp3,pages/96 Page 2.mp3
598,97,1,khatma/598.mp3,pages/97 Page 1.mp3
598,98,1,khatma/598.mp3,pages/98 Page 1.mp3
599,98,2,khatma/599.mp3,pages/98 Page 2.mp3
599,99,1,khatma/599.mp3,pages/99 Page 1.mp3
599,100,1,khatma/599.mp3,pages/100 Page 1.mp3
600,100,2,khatma/600.mp3,pages/100 Page 2.mp3
600,101,1,khatma/600.mp3,pages/101 Page 1.mp3
600,102,1,khatma/600.mp3,pages/102 Page 1.mp3
601,103,1,khatma/601.mp3,pages/103 Page 1.mp3
601,104,1,khatma/601.mp3,pages/104 Page 1.mp3
601,105,1,khatma/601.mp3,pages/105 Page 1.mp3
602,106,1,khatma/602.mp3,pages/106 Page 1.mp3
602,107,1,khatma/602.mp3,pages/107 Page 1.mp3
602,108,1,khatma/602.mp3,pages/108 Page 1.mp3
603,109,1,khatma/603.mp3,pages/109 Page 1.mp3
603,110,1,khatma/603.mp3,pages/110 Page 1.mp3
603,111,1,khatma/603.mp3,pages/111 Page 1.mp3
604,112,1,khatma/604.mp3,pages/112 Page 1.mp3
604,113,1,khatma/604.mp3,pages/113 Page 1.mp3
604,114,1,khatma/604.mp3,pages/114 Page 1.mp3
